Harga,Tertinggi,Terendah,Penutupan,Volume,Nilai,Frekuensi
9500,9600,9475,9575,85290100,815474150000,16850
9400,9475,9375,9475,77288400,730505102500,18289
9425,9425,9325,9350,34603300,324210795000,10016
9400,9425,9350,9425,30545200,287338455000,10764
9425,9450,9350,9400,79903400,751898350000,10689
9325,9425,9325,9400,70184600,658943665000,12600
9375,9400,9325,9375,72256600,677203315000,18093
9275,9350,9275,9325,64449600,600423380000,10116
9300,9325,9250,9325,88116700,819722295000,12694
9250,9300,9225,9300,72938100,677012335000,14437
9125,9250,9125,9250,87544300,805286270000,14148
9200,9225,9150,9200,111712200,1027068330000,16184
9125,9225,9075,9225,275013500,2522311642500,33984
8775,9050,8750,9050,139383100,1246461712500,24760
8700,8750,8675,8675,51560500,448042352500,15382
8700,8750,8700,8700,87589300,763324475000,16058
8675,8775,8675,8750,78642800,686302160000,19599
8800,8850,8750,8750,43891600,385129775000,14985
8750,8825,8725,8825,91322500,801830380000,23270
8850,8950,8800,8800,81852800,723963235000,18372
8950,8950,8825,8900,94363900,839829155000,21454
8950,9025,8925,8925,54750100,491403830000,14658
8925,8975,8900,8950,80566400,719949035000,11110
8925,8975,8900,8975,205312100,1840731615000,15327
8900,8950,8900,8900,54715600,487401712500,15298
8875,8950,8850,8875,69070600,613952417500,14935
8900,8950,8875,8875,35679000,317834515000,12809
8925,8975,8900,8925,51624200,461299567500,11269
8850,8975,8850,8925,55542100,495579897500,10407
8775,8875,8775,8875,40364800,356525657500,9740
8825,8900,8775,8775,107614800,948272825000,30681
8975,9025,8875,8875,73541200,656671235000,17135
9025,9075,8975,9075,57050500,516164995000,11636
9050,9075,8950,9075,80277800,725384330000,10922
8975,9050,8950,9050,84977900,766437245000,12586
8900,8950,8875,8925,37195700,331988455000,6551
8875,8925,8850,8875,32724000,290679545000,8308
8950,9000,8825,8825,50754600,450093725000,17648
8900,9050,8900,9000,46076800,413935270000,10739
8950,9000,8900,9000,31834100,285103322500,8256
9000,9025,8900,8975,60648200,543266142500,13924
8975,9050,8950,9050,84994200,765572275000,15987
8925,8950,8850,8900,60414100,538864997500,10538
8725,8900,8725,8850,56050900,494243485000,16354
8750,8775,8600,8600,67027600,579315247500,31900
8800,8825,8725,8750,64907600,568651290000,16598
8700,8850,8700,8850,51958200,457355955000,11025
8725,8800,8700,8700,52450700,458006815000,20878
8925,8950,8725,8725,63199400,555496475000,25769
8825,8925,8825,8875,54748400,486650312500,12094
8775,8875,8775,8775,76963200,677799955000,23106
8875,8925,8850,8850,50633500,449520817500,16518
8725,9025,8725,8975,80325200,719079735000,16985
8825,8850,8750,8750,89509700,787210360000,39231
8925,8950,8850,8850,70860600,629874282500,31212
9050,9075,8950,8950,59606000,536326235000,17234
9125,9125,9050,9100,37599800,341602310000,13205
9100,9125,9025,9075,62941800,570668045000,8016
9000,9100,9000,9050,71064500,642955742500,8682
8925,9025,8925,8925,84305800,754893725000,13689
9000,9000,8925,8925,107491800,963550447500,25291
9025,9125,9025,9050,43774500,397699502500,7761
9100,9100,9025,9025,53344400,482992197500,9359
9200,9200,9075,9075,72855700,664373372500,11743
9200,9250,9125,9200,112582800,1035254637500,15877
9075,9200,9025,9200,99105500,907521635000,17813
8900,9100,8875,9075,93663000,843717170000,15435
8825,8900,8825,8825,119438800,1057420410000,24181
8900,9000,8875,8875,84345000,751579607500,32668
9000,9025,8950,8950,73544700,660333892500,30118
9075,9075,9000,9000,56229700,507897665000,13977
9125,9150,9075,9075,42445300,386626050000,8410
9125,9150,9075,9125,40607000,369909097500,7000
9125,9175,9075,9150,54305500,496398482500,9718
9000,9075,8975,9075,37016200,334135745000,10234
9050,9075,9000,9000,34272200,309114612500,13073
9050,9100,9000,9000,121005300,1092836877500,16258
9000,9125,9000,9100,112757900,1021125725000,22856
9050,9075,9000,9075,69490200,628350982500,18636
9100,9125,9075,9100,66479000,604515250000,13794
9075,9125,9075,9125,53155900,483898510000,13084
9100,9150,9050,9125,80732300,734537652500,22328
9125,9175,9100,9175,61405200,561322210000,17659
9200,9250,9150,9150,49318400,453267477500,11268
9250,9250,9200,9225,42007200,387190620000,9941
9225,9275,9175,9225,40610600,374003870000,11097
9200,9275,9175,9225,42152700,389132227500,8907
9200,9225,9100,9175,136107200,1247664527500,23663
9300,9300,9200,9200,56227000,519845902500,10093
9275,9300,9200,9250,45428500,420110667500,6923
9250,9250,9200,9200,44423100,409509490000,12511
9200,9275,9175,9275,50379000,465187377500,7774
9250,9325,9200,9200,53725900,496444562500,11134
9300,9325,9275,9300,63749800,593148127500,7823
9150,9325,9150,9300,65664600,608843435000,7551
9225,9250,9175,9175,73573000,677119952500,15944
9250,9350,9250,9250,79328900,735715775000,12140
9275,9325,9250,9300,76439500,710030982500,14911
9325,9375,9300,9300,59303700,552270065000,10146
9325,9350,9225,9350,75495400,701818230000,16385
9425,9450,9375,9400,68898600,648421812500,10562
9400,9425,9350,9400,78071100,733786190000,11539
9275,9400,9250,9400,77056800,719658822500,16324
9275,9300,9200,9200,61294900,566058285000,9544
9150,9275,9150,9275,55589300,512895670000,10548
9250,9275,9125,9150,52675900,483526772500,12471
9150,9300,9150,9250,64596100,596503842500,10842
9125,9200,9125,9200,60629900,556027122500,8590
9175,9175,9100,9125,49756400,454680457500,14643
9175,9200,9100,9125,80868000,738379685000,16592
9200,9225,9125,9125,74510200,681676857500,22334
9400,9400,9225,9225,77848400,724742290000,17085
9175,9350,9125,9350,113868700,1054613932500,17428
9175,9300,9150,9150,122802700,1131783430000,19220
9200,9200,9100,9100,62061200,566397335000,14884
9150,9175,9125,9150,42667800,390413950000,7909
9200,9225,9125,9150,83476600,766895462500,14381
9200,9250,9100,9150,66973300,614456620000,12195
9200,9250,9175,9175,62550100,574966812500,10261
9175,9200,9125,9200,55554500,509063157500,7887
9200,9225,9125,9125,65230900,597501595000,13452
9075,9175,9050,9175,61566500,562551942500,11938
9100,9100,9025,9025,43703500,395431325000,9770
9100,9100,9050,9050,28981500,262988512500,8883
9025,9100,9025,9025,37641300,340593332500,9713
9050,9100,9025,9075,52532400,475777417500,10689
9050,9075,9025,9050,44609200,404071850000,10002
9150,9150,9050,9050,35049300,318299882500,12738
9025,9075,9025,9075,108881100,984922552500,22315
9050,9150,9050,9150,36225300,330493000000,8780
9025,9125,9025,9075,36389900,330567657500,10800
9025,9150,9025,9050,47813500,434122655000,8347
9125,9150,9050,9050,48291100,439481212500,9408
9050,9125,9000,9125,43383600,393591015000,10297
9025,9050,8950,9050,54990100,496206815000,9088
9000,9050,9000,9000,32330600,291476360000,10097
9100,9100,8975,9050,112769400,1018580865000,16986
9100,9100,9050,9050,59073000,535551915000,15495
9100,9125,9050,9075,72223700,656235642500,11791
9175,9175,9100,9150,45552600,416237912500,8689
9150,9150,9100,9150,38082300,347732180000,8114
9175,9175,9100,9100,44645700,407511022500,9579
9075,9125,9075,9125,53188400,484096885000,10295
9125,9175,9075,9100,66807200,608865152500,12778
9050,9200,9050,9150,74872800,682789780000,13078
9150,9325,9100,9200,163535600,1506886945000,20198
9300,9325,9050,9050,421023000,3833808147500,18222
9200,9325,9150,9250,111126900,1028312275000,20140
9250,9250,9075,9150,79148200,723302602500,12603
9175,9200,9100,9150,55675900,509803047500,9927
9100,9150,9050,9050,62058200,564109705000,11863
9200,9200,9025,9025,64845600,589029265000,13250
9050,9150,9025,9125,87739000,799916217500,17728
9000,9075,8925,9000,91001300,818687710000,14283
8900,9000,8825,9000,105991900,949370397500,17282
8775,8850,8750,8775,70010200,616313510000,12541
8800,8825,8700,8700,57835300,505858075000,17692
8875,8875,8725,8775,50788000,445889192500,16529
8750,8875,8725,8800,79769400,702826392500,13718
8900,8900,8800,8825,82001900,724233745000,25705
8925,8950,8900,8925,45495300,406047305000,11265
8950,8975,8900,8925,42046400,375525227500,15384
9000,9075,8950,9000,84754500,764649055000,12768
9000,9050,8950,9000,55564300,500041592500,9430
8925,9025,8875,9000,59658000,535132422500,11068
9050,9050,8875,8925,69747400,622585385000,21606
9100,9100,8900,9050,105734900,950013500000,29045
9100,9125,9050,9050,145775300,1322361480000,19605
9100,9175,9075,9150,66134800,603867142500,11594
9125,9200,9000,9200,186928200,1704787047500,25655
9050,9175,9025,9125,91242300,831959842500,19205
9025,9050,8900,9025,83946900,754079175000,13847
9000,9000,8950,9000,90708300,814873047500,16337
8950,8950,8875,8925,68712600,612507447500,13487
8900,8900,8825,8900,76265300,676843150000,14916
8825,8825,8750,8825,44554500,391956855000,9408
8725,8800,8700,8800,24919900,218276470000,9351
8700,8775,8700,8750,45496400,397934232500,8351
8775,8800,8725,8725,37587600,329058355000,6998
8825,8825,8650,8775,49118900,428699710000,12361
8825,8825,8750,8800,52537100,461892870000,11143
8825,8850,8725,8750,97164200,852682262500,11892
8900,8900,8800,8825,118984100,1051346967500,13309
8675,8800,8625,8800,79925500,698468965000,13688
8800,8800,8675,8675,86867300,757309182500,14040
8825,8825,8700,8700,113511600,991216527500,15274
8700,8825,8625,8825,173082100,1514375045000,27943
8400,8500,8375,8500,73117200,618980285000,12270
8400,8475,8375,8400,37334100,314119250000,9788
8375,8450,8325,8375,141350600,1184768315000,14007
8300,8350,8250,8300,95928800,796538710000,22180
8450,8475,8325,8325,69987000,585761835000,18180
8425,8475,8325,8325,91625300,768698982500,33483
8450,8625,8450,8550,82077700,701753800000,11899
8500,8550,8450,8450,59639500,506032227500,14359
8650,8650,8550,8575,54201400,466526005000,9025
8400,8575,8400,8575,62401500,530637135000,13660
8350,8475,8350,8425,94237600,792879160000,16878
8550,8550,8400,8400,93722600,793024457500,26121
8650,8675,8475,8475,95376900,815193130000,27687
8600,8700,8600,8625,56687800,489930935000,13316
8725,8750,8600,8600,67034700,580368065000,17659
8775,8775,8675,8750,106349400,928540315000,14291
8675,8775,8650,8775,48204500,420788157500,9103
8775,8850,8675,8675,60246600,526186375000,9099
8625,8750,8625,8725,53419400,465592057500,8429
8700,8750,8625,8675,51048100,443278482500,13700
8775,8800,8700,8700,25390500,221691045000,7335
8725,8825,8700,8750,40079200,350558022500,7902
8775,8850,8725,8725,34693700,304489947500,9353
8825,8850,8700,8700,66072300,578988940000,14918
8875,8900,8750,8875,49527000,437383265000,12696
8850,8950,8825,8950,58457200,520641095000,14476
8875,8900,8775,8875,51181400,453067392500,11757
8875,8900,8700,8825,62060900,544711665000,21697
8825,8900,8800,8900,58544100,519035085000,12399
8825,8850,8800,8825,54497400,480910202500,12928
8775,8850,8750,8850,116014700,1023391497500,23322
8750,8750,8650,8725,118107300,1028230120000,16315
8550,8700,8500,8700,71717100,620208710000,18171
8425,8525,8400,8450,81188000,686455822500,18887
8575,8575,8450,8500,77406800,658396962500,18907
8625,8675,8475,8475,147164200,1254504797500,23834
8725,8775,8575,8700,95673400,829539290000,15901
8700,8850,8550,8700,183311200,1597524315000,33738
8225,8475,8225,8475,78788400,661934560000,16800
8300,8300,8200,8200,56208200,463273235000,12414
8300,8350,8225,8225,38529000,318880930000,11825
8275,8325,8250,8300,82111300,680728545000,13272
8350,8350,8250,8325,55008000,456691880000,9674
8200,8325,8175,8300,96867900,798862907500,17301
8175,8375,8150,8325,88695900,735931460000,17907
8050,8200,8050,8150,94593700,766927615000,18183
8150,8175,8025,8050,119788700,967545450000,22088
8150,8275,8125,8175,91113300,745778885000,17142
8050,8150,8000,8125,119320800,964527810000,26465
8400,8425,8150,8175,89322900,734098795000,26210
8325,8450,8325,8450,86930600,729729475000,14724
8100,8325,8100,8300,69286600,570990955000,16548
8350,8375,8150,8250,128838500,1061378975000,44691
8525,8575,8350,8350,90993200,766974082500,26206
8550,8600,8525,8550,27425000,234780462500,6729
8575,8600,8500,8550,11409600,97436830000,6698
8575,8650,8550,8550,44681400,383448697500,9649
8525,8600,8500,8575,47020900,402160812500,10654
8650,8650,8550,8650,48368000,416455702500,13158
8600,8650,8575,8600,28693700,246966792500,6619
8500,8625,8500,8575,20515300,175808017500,8699
8525,8575,8500,8500,47393000,404592785000,14658
8650,8675,8575,8575,52110600,448380937500,12798
8600,8700,8575,8675,33620500,290989365000,9026
8550,8650,8550,8575,41296000,354119447500,9781
8650,8700,8600,8650,54727200,473736037500,12140
8425,8650,8400,8600,124944200,1070581842500,13499
8575,8600,8500,8500,80585500,687824440000,18379
8600,8700,8525,8625,118238400,1017639840000,22114
8625,8700,8550,8700,83504800,721598407500,17451
8525,8700,8475,8700,84280700,725848202500,15030
8500,8600,8450,8575,75502100,645066085000,15023
8375,8575,8350,8500,149608500,1266641995000,30201
8500,8575,8450,8450,195092800,1658838772500,39917
8725,8750,8575,8675,180913300,1564635812500,45061
8800,8900,8775,8775,138651400,1223613355000,30135
8900,8975,8900,8900,137809400,1228047055000,25191
9275,9350,9000,9000,132767900,1208610755000,37043
8875,9400,8850,9300,387655900,3587969810000,23764
8975,9075,8925,8975,81737400,734753202500,14340
9050,9100,8975,9025,77649600,703068337500,13084
9000,9000,8900,8975,60465700,542033947500,9553
8975,9000,8950,9000,61189600,549483587500,10601
8900,8975,8875,8875,85516700,762893442500,13608
8900,8950,8850,8900,84684200,754436947500,17472
8875,8900,8725,8725,48654100,428489965000,11071
8725,8900,8725,8825,83899100,742119432500,13893
8625,8825,8600,8725,72699300,635054200000,12948
8625,8675,8550,8600,143585500,1233874000000,34773
8775,8850,8750,8800,47667300,419159430000,6808
8875,8900,8750,8750,61431700,541453990000,14307
8900,8925,8825,8850,59597900,527982062500,10308
8725,8800,8725,8800,74779800,655507755000,9487
8675,8875,8675,8875,68174100,600920527500,9906
8850,8875,8725,8750,42527400,373015755000,10726
8725,8850,8675,8850,73900800,648075542500,10391
8775,8800,8675,8775,69153000,604463725000,14069
8700,8825,8700,8800,72143700,634355275000,10382
8800,8825,8725,8750,58317000,510542755000,11043
9000,9000,8725,8800,107394700,946721785000,17397
8850,8850,8775,8800,105566600,928907515000,13012
8650,8750,8650,8750,67040200,583195942500,11441
8550,8700,8550,8700,77023600,666512402500,12748
8625,8650,8550,8550,87211700,748934967500,17817
8825,8875,8700,8700,89442400,784720887500,21692
8750,8900,8725,8900,89416500,791931087500,21935
8450,8725,8450,8650,122777800,1060901322500,20919
8250,8500,8250,8500,91812300,775282002500,16881
8250,8350,8225,8275,66753500,552656565000,8966
8275,8475,8250,8300,85665300,714714027500,12467
8250,8300,8175,8250,56387500,465312050000,12740
8300,8350,8250,8250,71181100,589902235000,10984
8275,8375,8275,8275,62282800,517730710000,8537
8200,8325,8175,8325,47569700,393777945000,10731
8200,8300,8150,8250,64060000,527736787500,13673
8150,8375,8125,8300,80238200,661667980000,18576
8325,8375,8200,8200,112043400,928783667500,30334
8475,8500,8425,8425,43967400,371205590000,9495
8525,8550,8425,8450,63788000,540907910000,15903
8525,8625,8525,8550,80524500,689943970000,11556
8450,8525,8450,8500,115079600,977131347500,12213
8375,8575,8275,8550,176524800,1497357807500,16928
8325,8450,8325,8375,62643700,524394000000,10204
8250,8425,8250,8325,89153400,744765150000,11623
8375,8450,8300,8300,89567100,749874902500,17032
8200,8500,8200,8425,106228200,888828657500,21919
8375,8475,8375,8375,60567600,509408960000,11708
8375,8525,8375,8475,61908500,524144357500,10647
8525,8600,8425,8475,90933700,771464692500,16883
8550,8650,8550,8550,89238400,766848652500,16998
8475,8750,8450,8650,102530600,883591915000,15135
8700,8725,8450,8450,363127600,3082976325000,26342
8500,8875,8500,8750,190404800,1661084960000,21739
8375,8650,8375,8500,116642400,992652792500,18370
8375,8575,8375,8525,124485200,1057029395000,19606
8325,8425,8325,8375,52395300,438708755000,10109
8500,8500,8275,8375,91234600,762003902500,14268
8400,8500,8350,8350,132777400,1118796717500,17220
8250,8375,8250,8375,101242600,842563017500,15435
8300,8350,8250,8275,67123900,556534040000,10142
8225,8300,8200,8275,62906000,518557635000,13437
8150,8225,8150,8225,61351000,502415257500,10363
8150,8250,8125,8150,76120100,620831565000,12032
8075,8225,8050,8200,137659900,1124385967500,14968
8100,8275,8075,8175,109596600,899795342500,21321
8000,8150,7950,8150,72115100,582748930000,13629
8025,8125,8000,8000,80472400,648846300000,12781
8000,8100,7900,8075,99503500,798707840000,14630
7950,8025,7900,7950,108892400,868042130000,12077
8000,8000,7900,7900,71671800,569299685000,11504
7850,8000,7825,8000,97293300,769320602500,12363
8050,8050,7900,7900,58194900,464734767500,8236
7900,8025,7875,8000,86136900,687836162500,14056
7950,7975,7850,7975,83556700,664044637500,10745
7950,7975,7900,7950,81411000,646533490000,9903
7925,7975,7850,7925,61083100,483450175000,10925
7850,7950,7825,7950,73204700,578968100000,12631
7800,7900,7725,7900,104376300,813510502500,13580
7875,7975,7875,7900,92875800,735000965000,14653
7875,7925,7750,7875,84328900,662659342500,16381
7825,7875,7725,7875,118734200,929392300000,16784
7675,7800,7650,7800,144102500,1115505490000,25198
7625,7625,7575,7625,65102200,495459697500,13171
7600,7625,7500,7600,106469500,806736922500,17874
7350,7500,7350,7500,104841600,782884982500,17749
7400,7475,7350,7350,131553000,973325062500,14672
7375,7450,7325,7350,86909700,640837862500,12578
7325,7350,7275,7325,58465500,427943262500,10507
7250,7375,7250,7300,44379900,325274040000,9916
7350,7375,7300,7300,31247600,229041257500,9031
7400,7400,7300,7325,38956500,286345742500,8794
7400,7400,7250,7400,64337100,472430600000,9765
7200,7400,7175,7400,105792900,776467730000,19979
7100,7175,7100,7175,59641000,426346877500,9835
7025,7150,7025,7150,60077700,426498482500,8731
7100,7100,7000,7000,57419900,404015585000,17811
7025,7100,7000,7025,83316300,586582822500,16175
7100,7125,7000,7000,71988200,507590665000,25389
7175,7250,7150,7175,34269000,246391367500,8953
7200,7200,7125,7125,36830800,263781137500,9534
7125,7175,7075,7150,64312400,457659560000,17328
7225,7250,7100,7100,86126800,616546727500,23427
7300,7325,7175,7300,66801100,484884420000,14031
7100,7325,7100,7250,69172900,501662885000,16753
7250,7275,7000,7050,102238600,725162292500,46041
7300,7325,7250,7250,68738800,500436420000,20757
7300,7400,7250,7250,101343900,740372702500,17907
7325,7400,7275,7275,75315200,552007880000,14889
7300,7400,7300,7300,119218500,872243042500,29284
7475,7500,7350,7350,77936800,576284825000,21709
7600,7600,7475,7475,57956600,435559490000,12128
7450,7575,7450,7525,60443000,454133745000,11036
7625,7650,7500,7500,53041800,399896470000,14182
7600,7650,7550,7650,44295700,337546500000,9903
7600,7650,7500,7625,88138700,668218517500,19163
7425,7550,7425,7500,117839400,880387127500,10646
7400,7600,7375,7575,132666300,999838175000,21102
7300,7375,7300,7325,130367100,956026942500,16595
7300,7400,7250,7400,80865100,594637325000,17534
7300,7400,7275,7350,85539500,627178085000,22180
7400,7450,7350,7350,111768600,824528205000,34882
7500,7575,7500,7500,107828300,811660325000,14828
7500,7600,7425,7600,108910500,820721912500,19440
7300,7475,7300,7375,129242500,955444082500,28045
7550,7575,7425,7450,81140300,607825602500,21744
7600,7675,7575,7600,80563100,614763702500,13042
7625,7675,7525,7575,149226300,1130692232500,25960
7600,7750,7525,7750,286292700,2207020767500,22232
7575,7600,7475,7575,105411400,793661935000,15918
7525,7575,7475,7575,84336900,634988242500,19442
7400,7450,7350,7375,76747400,566886960000,15582
7325,7475,7325,7350,108710800,802127282500,19902
7450,7475,7350,7375,71603500,529789105000,19869
7425,7475,7400,7400,86520200,643142027500,17839
7400,7475,7375,7450,140908900,1046525142500,22128
7500,7575,7375,7575,153514300,1149832130000,24359
7275,7475,7275,7400,159657600,1180820542500,24985
7250,7475,7250,7325,212968600,1564278867500,36434
7525,7550,7275,7275,240529600,1775680722500,78980
7525,7700,7450,7650,156535200,1189813715000,37659
7250,7600,7250,7525,268445700,2006994317500,63205
7875,7900,7600,7600,456796600,3522503300000,105454
8250,8250,8075,8125,133730600,1092334247500,18545
8075,8200,8075,8200,89463100,730017155000,18570
7925,8125,7925,8125,128360900,1034449912500,28316
7875,8000,7825,8000,91279600,724642717500,20020
7850,7925,7800,7875,85956100,675300735000,13792
7800,7925,7750,7925,129323400,1017172780000,23802
7725,7725,7625,7650,124388800,953978587500,23077
7700,7700,7625,7625,98632000,753891167500,24770
7700,7725,7625,7700,68464700,526410977500,22274
7800,7800,7700,7700,93342900,720927580000,29679
7800,7850,7750,7800,57622100,449482482500,11255
7725,7800,7700,7800,73471300,570532402500,15863
7825,7875,7725,7725,62776200,489276575000,16873
7800,7875,7775,7850,69791600,546279317500,10443
7725,7825,7700,7750,68619400,532601685000,15668
7825,7850,7750,7750,119263000,928569465000,35039
7900,7900,7850,7900,48528300,382418777500,11341
7925,7925,7825,7900,57321200,450927217500,12046
8075,8075,7850,7925,105575400,837078965000,17591
7925,8000,7875,7975,112691900,895841372500,14134
7900,7900,7825,7875,71430600,560951060000,14945
7875,7900,7825,7850,62180600,488744797500,15889
7825,7900,7800,7900,83911500,658941170000,20456
7900,7950,7900,7950,85101200,674729810000,15768
7850,7950,7800,7925,95245100,752783342500,15881
7925,7950,7825,7900,82208000,647836587500,19525
7900,7950,7875,7925,60010900,474240015000,15071
7800,7950,7800,7900,85485500,673089922500,16600
8000,8100,7900,7900,143981700,1140963692500,18011
8300,8300,8000,8000,132439400,1071240102500,25461
8275,8275,8075,8200,149761300,1223540042500,18030
8150,8200,8075,8150,111214500,905283850000,17642
8050,8100,7950,8075,78432100,631021042500,15050
7725,7950,7725,7950,61053900,477422672500,11472
7925,7975,7800,7925,86484000,682528265000,12081
7700,7950,7650,7850,132814500,1040258547500,19277
7700,7850,7650,7650,119256500,923363377500,31572
7800,7850,7700,7700,130990900,1014613815000,43139
7975,8025,7900,7900,132983400,1056919797500,21813
8225,8225,7975,7975,100301000,810277825000,20001
8000,8175,8000,8050,136616800,1100699015000,18508
7950,8175,7925,8050,135899900,1094666555000,19180
8125,8150,7925,8000,124947700,1001837015000,23803
7900,8100,7875,8050,99240300,795453110000,19538
7900,7950,7850,7900,80095500,633463032500,10560
7925,7975,7900,7950,43821700,347679842500,11739
7950,7950,7850,7925,56813400,448908112500,11197
7850,7925,7800,7900,48704600,383084682500,13991
7850,7975,7825,7975,77055100,608884817500,14506
7750,7875,7725,7875,55617000,434361757500,12317
7750,7775,7700,7700,57710700,445570172500,16286
7675,7825,7650,7825,71968800,556708220000,15116
7950,7950,7750,7750,93277000,728582877500,20665
7850,7950,7800,7950,108922200,860277737500,23476
7750,7850,7725,7725,61883100,481387542500,18396
7775,7800,7700,7800,56813200,441379032500,10775
7750,7800,7700,7725,39324700,304275125000,9457
7800,7825,7700,7725,35100600,271959660000,9389
7775,7800,7675,7800,65308100,507740922500,15071
7775,7775,7625,7625,68122000,522286535000,13394
7800,7825,7700,7775,70595000,546808247500,12265
7625,7800,7625,7800,71945100,556381160000,9658
7700,7750,7650,7700,53350200,411052250000,11577
7675,7775,7625,7775,106796900,821812350000,18060
7825,7850,7775,7800,40278300,314598220000,10836
7775,7950,7700,7950,63370500,496553635000,14847
7725,7775,7625,7775,59925500,463048087500,11201
7650,7725,7575,7675,60389700,463216297500,10446
7775,7775,7550,7675,71476300,545986525000,22639
7900,7900,7700,7750,63902600,496643890000,16289
7700,7850,7650,7850,65898700,512447880000,18750
7700,7750,7650,7700,50025200,385156460000,9477
7700,7700,7650,7700,62606000,481343602500,16502
7650,7700,7625,7700,110334600,846392567500,21715
7575,7650,7550,7600,45351900,344241372500,13406
7550,7700,7500,7650,143433300,1093473375000,28113
7500,7525,7425,7475,63657100,475635140000,12409
7450,7525,7375,7450,76164900,567316770000,12949
7325,7450,7325,7400,70624000,523019122500,15394
7325,7400,7300,7325,54287400,398463785000,10465
7350,7350,7300,7300,49954700,365335192500,8949
7350,7375,7300,7300,42079500,307662990000,11468
7375,7400,7325,7350,39343800,289916545000,8238
7300,7350,7300,7350,20722100,151566907500,9052
7300,7350,7300,7300,30802100,225450510000,8747
7325,7350,7300,7300,37136400,271346360000,11013
7425,7425,7325,7325,33232000,244646372500,7854
7325,7400,7325,7375,52386100,385558965000,9185
7350,7400,7325,7375,74753000,550891475000,12098
7325,7500,7300,7500,107096800,795484312500,13446
7375,7400,7275,7275,95171400,697169942500,14247
7300,7375,7275,7300,52477600,385012880000,10069
7300,7375,7275,7300,49763600,363284447500,13291
7375,7400,7300,7300,59977100,441071010000,17181
7325,7375,7275,7375,91092400,666575887500,24699
7400,7450,7350,7350,54886400,405222022500,13086
7450,7475,7400,7425,74775000,556429685000,11799
7450,7475,7350,7350,51258200,380033557500,11880
7450,7475,7350,7350,56944100,421707887500,13054
7525,7525,7350,7375,63283700,468913447500,13845
7375,7500,7300,7500,66831000,496319960000,13801
7275,7450,7275,7300,76538100,562521305000,18096
7325,7425,7275,7275,144923700,1058524325000,16325
7275,7425,7175,7400,87907900,643438377500,22691
7400,7450,7250,7275,113288400,829254435000,46477
7450,7525,7425,7425,40216100,300345642500,11765
7575,7575,7425,7475,35181400,263309692500,8856
7400,7500,7400,7475,43477500,324422730000,9187
7425,7525,7400,7475,66328300,495651167500,12120
7425,7450,7375,7425,68203700,506341052500,12739
7425,7500,7400,7400,78839600,584663500000,19924
7500,7575,7425,7575,61968100,465082335000,13902
7400,7475,7325,7475,98616900,732873000000,20598
7625,7625,7500,7500,67344200,508346355000,14209
7750,7750,7525,7525,52590100,398933967500,14770
7700,7750,7600,7675,55790000,427869867500,14722
7675,7675,7575,7650,47503900,361724825000,10891
7600,7675,7575,7675,101785800,776930700000,21425
7500,7600,7450,7575,85441700,645081702500,19304
7475,7475,7375,7450,43120400,320100250000,11883
7425,7475,7375,7375,61081400,452388967500,12630
7300,7400,7250,7350,61621500,451883630000,16168
7375,7425,7250,7300,90535400,663661027500,37732
7550,7550,7400,7400,38593400,287033205000,15645
7450,7475,7375,7475,60639200,451154885000,20046
7350,7425,7350,7375,75271900,555764745000,20651
7575,7575,7425,7450,57067000,425669442500,19166
7600,7600,7500,7525,70103000,529241822500,17396
7400,7525,7400,7525,60329800,451646792500,16920
7450,7550,7425,7525,96730700,727217982500,23981
7500,7550,7350,7400,106120100,785408750000,39946
7475,7525,7350,7500,134601200,1000889815000,43201
7650,7675,7475,7525,116644300,879082747500,37041
7800,7875,7450,7650,142378200,1082590760000,59714
7600,7900,7600,7750,138811900,1080469627500,58444
7400,8250,7400,7525,210893300,1602811070000,103101
36275,36600,36225,36600,18213400,664434375000,13842
36200,36450,36150,36275,9440200,342571392500,10202
36000,36500,35875,36450,18928700,688541690000,15257
35875,35875,35400,35800,21452700,766246252500,13336
34900,35900,34850,35900,34862400,1240644140000,26024
34550,34725,34300,34725,10997300,379909320000,10434
33700,34800,33700,34800,14943800,512444270000,18086
34500,34500,33550,33800,20790900,704962852500,17390
33000,35000,32975,35000,31369600,1061841967500,18497
32600,32900,32575,32900,14815800,486325907500,8452
32700,32800,32500,32600,16037200,523207832500,10286
32925,32975,32775,32900,11010500,362153202500,7124
32500,32925,32500,32925,12107900,397560567500,7582
32775,32950,32725,32900,12199700,400536787500,8077
32500,32900,32500,32775,13744400,450549995000,8325
32550,32675,32350,32450,11423100,370998120000,8245
32850,32950,32550,32925,14631500,480357832500,9956
32450,32675,32400,32600,23508000,766042350000,7563
32900,32900,32400,32500,11734500,381535782500,7045
32725,32750,32425,32475,8902800,289411932500,7683
32950,32975,32475,32725,10398100,340529182500,9554
32800,32800,32625,32775,5985800,195933567500,4814
32475,32825,32475,32600,8296700,270739592500,6873
32050,32850,32050,32850,22014800,716564295000,12729
32750,32975,32100,32200,15577600,503383372500,11780
32975,33025,32850,32850,10780400,355024612500,6944
33000,33025,32750,32875,7356000,242074632500,6504
32800,33000,32575,33000,7152900,234690455000,6194
32625,32875,32275,32700,10651400,347543147500,8097
32750,33000,32675,32825,13472500,442530370000,8136
32600,32850,32575,32750,23074700,755598942500,9426
32650,32900,32600,32825,14912900,489360032500,8561
32450,32650,32450,32550,14314500,466101855000,7038
32800,32900,32350,32800,14867400,484448052500,10929
33000,33025,32925,33000,16150300,532826682500,8877
32850,33000,32500,33000,11912300,390527665000,10964
32575,32950,32575,32950,13650600,448508672500,6928
33000,33000,32550,33000,24032700,790783847500,11399
33000,33000,32650,33000,20185200,663686840000,14047
32600,33800,32300,33000,37270900,1228789575000,27672
32100,32100,31525,32100,13856400,442928625000,8837
31750,32175,31625,32050,17385800,556177510000,12126
30600,31600,30600,31500,23665100,743480425000,13459
31250,31500,30575,31500,12089200,375133765000,11399
30675,31000,30525,31000,10571700,324960150000,8049
31800,31800,30675,30800,13457000,416615997500,12668
30850,31550,30700,31500,18753600,585398362500,15536
30725,30750,30300,30600,8222400,251394995000,8582
30125,30900,29925,30725,22014300,671693987500,19329
30300,30325,29525,29800,23996300,715154795000,23424
30200,30500,29800,29850,21137000,634992947500,12391
30275,30425,29900,30200,16921000,509974957500,9917
30025,30050,29850,29900,14826600,443697352500,14845
30025,30300,30000,30025,10621500,319259090000,9104
30200,30300,30025,30025,9634300,289835562500,10056
30900,30950,30125,30175,15987600,485182697500,14895
30575,30775,30250,30775,12158400,371987375000,10114
30250,30600,30050,30050,11001900,332542065000,9488
30550,30550,30025,30025,9423800,283707685000,9350
30850,30850,30275,30550,9599700,292817777500,8920
30000,30575,29975,30575,9944800,302184122500,9422
30100,30150,29900,29950,11864200,355622487500,13775
30850,30875,30075,30225,13189300,400302605000,10646
30350,30900,30100,30850,13196300,404442702500,15815
30050,30100,29950,30100,8141500,244616822500,9513
30000,30200,29900,30075,9459400,284481202500,10679
30900,30900,30150,30325,7119000,215956097500,7347
30550,30550,30275,30275,6855900,208343460000,6318
30500,30650,30350,30550,7942100,242159375000,6308
30350,30700,30200,30500,13478500,410872820000,8621
30300,30375,30000,30125,11630600,351200420000,9774
30000,30350,30000,30125,13159000,397274120000,10435
30250,30450,30200,30225,10740800,325225022500,10009
30500,30750,30275,30275,16884100,514169662500,19001
31150,31300,30950,30950,13787900,428255512500,11675
31550,31550,31000,31050,11202000,348667815000,16973
31475,31700,31150,31150,10490200,328632085000,17274
31250,31950,31200,31700,13164800,416417355000,9057
31500,31500,31050,31250,12164700,380627877500,9099
31500,31725,31400,31625,23608600,745940547500,12532
31950,31950,31375,31650,13689700,433599335000,11389
32100,32175,31800,31925,9796800,313020310000,10445
32225,32350,32025,32350,17559800,565530955000,10264
32600,32600,32000,32050,12295700,395506092500,10396
32850,32900,32300,32350,14556100,472963255000,14612
32775,33100,32450,33100,14652500,481826560000,11706
31800,32675,31800,32650,15439600,501735692500,9381
32875,32875,32150,32150,12869600,416735995000,8163
32800,32850,32150,32650,12515200,407116007500,10022
33100,33100,32500,32900,12421700,407200190000,12060
32475,33000,32150,33000,26762100,873472172500,14488
32500,32575,32100,32325,28346500,917581752500,17183
31800,31950,31625,31875,20288400,646061072500,9494
31650,31850,31650,31700,20421700,647714005000,8715
32200,32400,31350,31350,107594300,3393180187500,19981
31500,32200,31500,31775,17494000,556565512500,11215
31775,31900,31450,31625,11842000,375837587500,9294
31950,33000,31900,33000,369300,11925300000,51
32250,32250,31300,31800,18524000,587252835000,15287
31950,32175,31750,31900,12990000,415605042500,10298
31900,32000,31675,31725,12982500,412718810000,9519
32000,32275,31825,31950,14712600,470424327500,11913
32500,32500,31875,32500,25811700,833610340000,21100
32000,32400,31525,32400,14136000,450293557500,11963
32000,32100,31975,32100,13636100,436712347500,7544
32300,32300,31925,32000,9772800,313335515000,9412
32000,32250,32000,32125,7623100,244562692500,5975
32100,32150,32000,32125,10337000,331507725000,6504
31750,32150,31700,32000,10024700,319648550000,8498
32400,32400,31725,31950,8413100,268782685000,9480
32250,32250,31900,32025,13165900,422154037500,8600
32300,32300,31800,32050,11471000,367339872500,8782
32000,32025,31575,31600,17532000,556340117500,11984
31850,32175,31775,32025,26530000,850529580000,17676
31975,32000,31400,31425,21748400,688311985000,14391
31400,31975,31125,31950,21699700,686618455000,18967
31000,31375,30900,31075,12751600,395819287500,12255
31000,31125,30825,30825,13679400,423639482500,9684
31000,31250,30925,31175,14544200,451723457500,10707
31375,31400,31150,31350,9419000,294919325000,7809
31850,31850,31075,31375,15858700,497646480000,12448
31525,31550,30900,31400,20537300,641907540000,16542
30525,31525,30300,31525,27103900,842800915000,21824
30250,30300,29900,30000,23842300,715821185000,24907
31475,31475,30300,30325,22082300,674875585000,24002
31575,31600,30725,31000,23392200,726413747500,18906
31000,31075,30625,30675,24739500,761066157500,21106
30775,31375,30675,31250,21581600,666452485000,18441
30675,30850,30400,30825,16043000,493935050000,14280
31250,31450,30775,30775,14662300,454460472500,16658
31075,31350,30775,31125,22457200,698836185000,21302
31950,31975,30725,31075,44678100,1390601562500,37171
31850,32275,31850,31975,16623100,531779290000,15663
32050,32575,31800,31800,22674100,726771997500,22114
31850,32225,31500,32075,26893500,860506547500,18813
32000,32200,31650,31850,23820300,758615720000,24569
32575,32750,32100,32200,30410000,982678535000,29139
33600,33600,32775,32825,25552500,844329720000,29676
33200,33400,33050,33100,13504700,447714830000,16210
33850,33850,33125,33800,25170600,845103200000,15789
33100,33600,33050,33525,14013500,466909345000,14736
33250,33325,33025,33050,14294900,472918327500,15674
33550,33550,33100,33125,14151100,469405972500,20759
34075,34100,33325,33325,11483200,384973365000,15332
34375,34400,33575,33825,14865600,503459300000,16338
33600,33600,33100,33525,10060400,336650420000,12503
33500,33575,33000,33025,27116400,899493865000,33797
34750,34750,33600,33600,18176600,614656395000,24584
33600,34625,33600,34000,22374300,766671142500,16843
34525,35000,33600,33600,24160500,825648195000,19643
35325,35425,35000,35000,16894000,595214107500,11425
35600,35800,35000,35075,16289300,573939910000,15952
34150,35225,34000,35225,41107800,1433046222500,29524
33525,34050,33225,33550,34726300,1169470342500,17279
33700,33850,33400,33525,15737600,528536370000,20839
34125,34175,33625,33625,14373800,486252347500,17605
34100,34225,33875,34125,11672000,397278747500,12109
34500,34700,33950,33950,13782600,471158342500,15786
33900,34250,33800,34125,14097500,479227617500,12254
34250,34500,33675,33675,18240800,619686137500,18506
34450,34800,34250,34500,13202300,455135490000,11532
34400,34725,34150,34700,9444200,325755802500,8419
34150,34450,33600,34000,16784400,573815120000,17934
34925,34925,34200,34400,7385200,254682082500,9178
35250,35250,34500,34600,8996900,311564217500,11909
35000,35150,34775,34900,15114800,528615360000,11747
35250,35275,34400,34600,9120800,317827635000,8989
34350,34750,34275,34575,10320400,355919937500,8146
34600,35000,34175,34275,16190100,557563600000,11687
35000,35000,34125,34125,13458200,465903670000,9111
34825,34900,34000,34000,17348200,599212690000,14810
33800,34600,32975,34100,22625800,769348757500,20961
34500,35000,33800,33800,26552500,906522065000,19447
33950,34625,33950,34500,20925400,720278390000,14093
34100,34650,33525,33950,19584000,668970462500,18739
34775,35000,34100,34100,19731600,680646375000,25213
36000,36000,35000,35175,15367300,542404927500,10545
35375,35800,35375,35400,16165800,573435235000,8826
36400,36500,35300,35375,13285600,472831935000,11207
35825,36475,35350,35475,21443200,764274587500,13375
35600,35600,35025,35475,14755400,522543310000,12797
34775,35625,34225,35600,17268600,610310540000,16692
35475,35500,34200,34775,17970700,626140905000,22464
35250,35450,34975,35100,17863900,627559675000,19584
36225,36375,35350,35600,15316300,546485222500,16636
36725,36900,35800,35800,19047000,686686100000,19754
35750,36800,35725,36725,33806900,1237824775000,20595
35175,35400,34875,35250,15006700,528463447500,12562
35000,35250,34550,34825,14272000,497544282500,10760
35250,35375,34400,34725,17950700,626171017500,15424
34300,35450,34250,35450,20966200,733641877500,21176
34000,34275,33600,34175,9587400,326697622500,10187
34000,34000,33500,33850,10535100,357007020000,11498
33875,34050,33700,33825,6842500,231657885000,7524
33950,34100,33300,33900,12046800,407872662500,7804
34525,34525,33100,33625,15389600,519066797500,13300
33700,34100,33550,33575,12358100,417055522500,10976
34450,34450,34000,34150,18738500,641582917500,11915
34675,34675,33775,34000,29447700,1004545167500,17189
34825,35000,34100,34675,18384000,637265702500,16643
34300,34750,34200,34750,27734800,958537285000,13860
34150,34500,33025,33950,32804900,1116256960000,16988
34000,34150,33975,34100,35957100,1224755340000,15684
33000,33900,32975,33675,42832000,1434002985000,19331
32950,33000,32700,32875,30284100,995271142500,16805
32600,32600,32125,32450,14112300,457905547500,11380
32500,32900,32400,32600,19327200,629167902500,13806
32300,32325,31800,31950,12999100,415959567500,12386
32500,32625,32125,32300,19642000,635994495000,12774
32300,32425,31700,32250,18779500,603499515000,15337
31100,32175,31100,31975,22912700,728754672500,21071
31925,32000,30675,31025,78618300,2450789315000,29682
32400,32450,31900,31925,17472300,559975905000,17195
31750,32450,31500,32400,12867800,412757817500,12565
32900,32925,31900,32050,34028100,1098504237500,36061
33000,33000,32725,32825,14469900,474998010000,15558
33000,33050,32750,33000,15053100,495981862500,11542
33200,33250,32750,33000,13693700,451449490000,12724
32600,33200,32575,33075,29469300,972689052500,12555
32750,32875,32700,32850,19957800,655267960000,9053
32500,32825,32450,32750,23956800,783551897500,12774
32425,32425,31925,32400,10981000,353262957500,10874
32100,32250,31600,31950,16474900,525287605000,14893
32050,32475,32025,32100,16616500,534981595000,15496
32700,32825,32400,32700,26276700,858709612500,20822
31975,33000,31900,32400,38214700,1236605620000,26044
31500,32000,31075,31425,16547900,519994127500,17775
30800,31500,30300,31500,27460700,852412507500,23531
29500,30900,29500,30750,32218000,972621645000,23241
29500,29700,28925,29100,15725200,461419352500,11014
29200,29475,29175,29450,15630400,458803507500,11235
28800,29125,28600,29100,30201300,873877415000,14627
29075,29150,28775,28950,17896400,518666577500,12510
28625,29175,28625,29075,14090500,409071500000,10065
29200,29200,28750,28850,13265600,384429210000,8614
28700,29000,28525,29000,19374500,557514270000,12403
29300,29325,28650,28900,15588800,450171155000,12552
29400,29400,28925,29025,14999100,437115622500,10539
28750,29500,28550,29500,11374300,330373010000,9857
28925,28950,28650,28800,17810300,512907517500,12021
29375,29400,28800,28925,16413400,478281730000,13928
29200,29500,29050,29500,16623500,487616595000,13026
29200,29300,28850,29275,9650100,281207137500,10504
29200,29375,29150,29275,16583700,485144665000,13116
28750,28875,28600,28875,10850100,311784925000,9306
28950,29000,28550,28900,15476900,445778367500,12438
28000,28775,27900,28775,17987500,510966747500,15941
28150,28575,28000,28500,28391100,805838120000,17469
27575,27800,27300,27600,11658200,321892587500,9382
27800,27825,27200,27525,13369600,367578000000,13074
27425,27850,27400,27850,11378600,314630705000,9566
27825,27825,27100,27100,21475400,585900782500,17400
27875,28175,27300,27525,23555700,653582077500,21820
28250,28475,27500,27575,18704400,520195680000,17062
27400,28125,27300,28050,20141000,561181605000,20207
27150,27675,26950,27225,17723700,483083515000,17621
27250,27925,27125,27525,20103400,552933910000,20486
27600,27825,27150,27250,32688500,898386020000,32337
28200,28675,27975,28025,22488600,634496832500,24914
28500,28675,27850,28150,63382400,1789624690000,43638
28750,29275,28325,28775,27759200,795700020000,27391
29300,29350,28725,28750,31713100,918227005000,32607
30200,30500,29300,29300,34017400,1006704490000,35382
30000,30575,29925,30250,27623000,836187820000,22790
29000,29875,28100,29525,80606500,2316420867500,50751
31100,31100,29050,29050,35147000,1039805145000,37933
31500,31600,31050,31225,9857000,308457717500,11066
31425,31800,31425,31675,7929800,251014562500,8213
31675,31800,31000,31425,12849900,403192837500,12467
0,32250,31325,31900,16122700,513299482500,10912
0,32500,31500,32500,13641700,438806542500,13547
0,32800,31825,32175,13213000,424155005000,13640
0,32600,31200,32600,13489200,430408132500,15429
0,32700,31375,31375,19406400,615436647500,15045
0,33000,32125,32475,10458500,339572097500,11019
0,33000,31700,33000,13665200,442569497500,12205
0,31950,31525,31700,8596600,272528505000,5904
0,31900,31525,31825,9842200,312771740000,6204
0,31900,31400,31575,13376500,422644890000,9484
0,32050,31550,31650,11758700,373338625000,10450
0,32125,31500,31800,16312700,519187985000,13677
0,32025,31200,32025,11463200,364320375000,9288
0,31500,30900,31500,9716200,305192357500,7170
0,31300,30800,31300,7122400,222041945000,7663
0,31000,30650,30875,7759100,239757347500,5905
0,31000,30525,30600,7554900,231738432500,7990
0,31425,30800,30900,8724200,269990450000,7830
0,31475,30925,31300,11051700,346243805000,9993
0,31100,30500,31025,9878600,305178320000,8266
0,31100,30650,31050,15871400,491417327500,9572
0,31175,29125,30650,27415800,835395825000,23010
0,31200,30275,31200,16106700,497130377500,12269
0,30925,30500,30675,10052500,307574447500,9573
0,31000,30300,30925,13055800,403030280000,5597
0,30700,30000,30500,8394500,255404200000,6097
0,31000,30500,30500,11673300,357075687500,10000
0,31075,30700,31000,16805300,520540335000,8208
0,31250,30650,30900,8945100,276256252500,6214
0,31175,30500,31000,16831900,521447865000,9059
0,30800,30300,30700,11958900,365168365000,7073
0,30900,30200,30600,14669600,449272422500,8667
0,31000,30700,30900,13304100,411292192500,5053
0,31200,30750,30750,12293600,379701835000,8219
0,31000,30550,31000,9123300,282282712500,6244
0,31200,30700,30875,17201200,531427800000,15789
0,31200,30400,31000,13444800,416858692500,9379
0,31200,30150,30500,18708700,577591107500,12441
0,31325,29900,31000,21288900,653747592500,17963
0,29975,29500,29950,14833600,443921772500,9814
0,29675,29250,29675,13560000,400895145000,7992
0,29525,29200,29350,10443800,306841135000,6922
0,29350,28800,29350,15117100,441561452500,10300
0,29000,28375,29000,12791800,367746390000,10592
0,28700,28300,28475,14894800,424098000000,7905
0,28475,27925,28375,9759300,275717952500,7719
0,28800,28200,28225,11493500,326007697500,9337
0,28725,28200,28625,10283000,293494062500,7994
0,28800,28200,28525,11466600,327062370000,8507
0,28300,27600,28100,13990800,393903120000,8694
0,28300,27650,27700,10318100,288242082500,8223
0,28250,27725,27875,22014200,615006847500,11498
0,28700,27925,27925,13606400,383275902500,11564
0,29000,28400,28600,15960000,457061385000,13010
0,28975,27900,28800,18303700,525795502500,13893
0,28550,27500,27500,20168900,563672867500,15451
0,28400,27400,28350,19208800,536875525000,15597
0,29050,28025,28400,17037500,487017572500,13057
0,29325,27975,29000,23076500,660998295000,20802
0,29975,28975,29025,20022000,589032975000,14564
0,29625,28775,29500,34711500,1018002050000,18297
0,29275,27925,28625,17631500,503084707500,18753
0,29950,28000,28950,47231700,1380827812500,25327
0,28900,27000,28900,55934700,1587358392500,30546
0,27500,26200,26800,36273900,981486330000,23888
0,26475,25950,25950,79882800,2082003545000,21436
0,26600,25000,26475,45846600,1198930285000,26043
0,25000,24275,24825,30350700,747448977500,17303
0,25000,23875,24850,35215300,872204637500,25178
0,24000,23450,23825,23831600,567063937500,15594
0,24800,23400,23400,25700900,619808510000,24167
0,24225,23750,23825,27999500,668705065000,17592
0,24975,23400,23925,41158000,984334962500,35702
0,25550,24525,24600,26253600,652938460000,24823
0,25850,25425,25550,18994600,485853832500,12076
0,26700,25150,26100,23732000,611258150000,19526
0,26625,26225,26475,8123100,215022192500,8434
0,27000,25750,26225,24605600,644170787500,14554
0,26850,26500,26775,17279100,461234580000,12951
0,26700,26000,26425,23728700,628298142500,16847
0,26500,25000,26100,22899500,589391360000,17093
0,26250,24400,25850,34816200,897469355000,25494
0,24250,24000,24250,24232200,584718632500,12866
0,24875,24025,24150,36097600,875091435000,22434
0,25100,24275,24800,30220700,748021697500,18787
0,25700,24600,24600,26229900,656055532500,24438
0,26225,25600,25600,21083900,545726340000,12784
0,26175,25225,25725,21452700,551692562500,20471
0,26775,25800,25800,14686200,383343797500,19102
0,27500,26650,26775,18148800,490086160000,15470
0,27225,26400,27125,32187100,868814030000,21189
0,27600,25925,26200,35398100,938087237500,26157
0,28150,27225,27425,19068400,527002192500,16640
0,27950,27225,27575,19159200,526259712500,14674
0,28075,27400,27500,11608600,319841050000,9845
0,28475,27500,27975,17999400,501862670000,14781
0,28300,27400,28175,21222300,590982317500,18073
0,30500,27900,28275,29830700,852769325000,21263
0,28700,27475,28675,15636800,440490132500,17147
0,27650,26825,27475,22101200,602592502500,13782
0,27350,26800,27050,27324700,739233410000,13658
0,28750,27125,27400,30566300,852200672500,21279
0,28550,27425,27625,36527700,1014470912500,24693
0,27775,25775,27475,31992900,852019420000,27305
0,29475,26775,27550,53936600,1515112735000,44105
0,26975,23250,26400,66326600,1731417162500,50000
0,24975,22250,22500,50794200,1198181152500,45930
0,25000,22025,22150,43568700,1008025982500,42545
0,26925,21625,23675,67026400,1570190292500,46069
0,24975,23250,23250,52883800,1232241515000,18024
0,26900,23825,25000,36010700,909336317500,41473
0,27525,25600,25600,42440000,1110351837500,34305
0,28300,26575,27525,30109700,825678660000,21731
0,28750,25875,28300,42338000,1155685242500,27728
28000,28200,27300,27800,25969100,724107957500,20901
29750,29900,28950,29250,18640900,548550047500,14494
29200,30050,29200,29625,26733400,794722720000,18141
30000,30200,28925,28925,28177900,830787437500,27698
31750,31750,31000,31000,15567100,484892162500,11504
32700,32700,31700,32175,15516600,497923862500,16593
31575,32500,31300,32200,16605000,532743082500,13767
31000,31750,31000,31600,22932700,723138232500,14680
31450,31450,30175,30400,28974300,891362272500,20442
31000,31450,30175,31450,33989300,1048122467500,20255
32350,32375,31000,31450,25850900,812819827500,21387
32500,32675,32100,32100,18564900,600970730000,11601
32750,32800,32550,32650,17289300,564519857500,9715
32825,33000,32550,32625,16982000,555678427500,9168
33000,33300,32975,33075,19652200,650232782500,9859
33450,33475,32825,32975,27344900,906154017500,12231
33325,33800,33325,33475,14918800,499517600000,4661
33425,33600,33350,33475,19687300,659742415000,6201
33400,33750,33400,33600,23063800,774311460000,4917
33900,33975,33375,33400,29405700,991164577500,7537
34100,34100,33700,33950,9947400,337236270000,5086
34000,34000,33800,34000,13994300,474771935000,4526
33925,33925,33725,33900,15505300,525629927500,7237
33800,33925,33150,33925,13315700,448548767500,7402
33550,33900,33525,33800,16521800,558253642500,6828
33700,33900,33400,33700,30938700,1040885895000,8581
33900,33900,33250,33650,24600500,823828570000,9904
32850,33100,32600,33000,22663300,744012655000,10410
32400,32925,31850,32200,29959400,970701642500,17303
34000,34025,32400,32400,32627300,1069343810000,21536
34225,34225,33650,33700,14398000,486672252500,7736
34000,34225,33850,33925,8764200,297619722500,6865
34175,34225,33775,33950,16523000,562153375000,9661
34325,34700,34075,34200,7935800,272550107500,4331
34100,34400,34050,34050,13930700,475665060000,6831
34425,34475,34150,34200,17545600,600294655000,5077
34275,34475,34175,34200,18862300,645964167500,6482
34425,34475,34125,34150,20796900,710900082500,4207
34750,34875,34150,34175,18710900,641398217500,8728
34200,34450,34000,34375,7649900,261939587500,7931
34025,34450,33975,34250,17786300,608505872500,9004
34350,35300,34000,34175,15124700,522165815000,11348
33725,34425,33700,34350,18716400,637646440000,9144
33700,33800,33675,33725,13571000,457401000000,5265
33825,34125,33550,33625,14672400,494479322500,6131
33700,33775,33650,33700,8072700,272004105000,6122
33350,33725,33350,33400,10738500,360614215000,5318
33675,33850,33650,33700,9004500,303482512500,5819
33600,33750,33450,33675,5460000,183597080000,5814
33750,34000,33625,34000,9551100,323890197500,7711
33475,33900,33400,33450,9889000,330952265000,5388
